Time,X,Y
4.166666666666667129e-02,4.503063964843750000e+02,5.341170654296875000e+02
8.333333333333334259e-02,4.500505371093750000e+02,5.328270874023437500e+02
1.250000000000000000e-01,4.500849914550781250e+02,5.319549560546875000e+02
1.666666666666666852e-01,3.487771911621093750e+02,2.583321533203125000e+02
2.083333333333333426e-01,4.166517028808593750e+02,5.180245971679687500e+02
2.500000000000000000e-01,4.486628723144531250e+02,5.309906616210937500e+02
2.916666666666666852e-01,6.190641479492187500e+02,6.329228515625000000e+02
3.333333333333333703e-01,3.267077026367187500e+02,9.861669311523437500e+02
3.750000000000000000e-01,2.628421020507812500e+02,2.445376281738281250e+02
4.166666666666666852e-01,4.240541687011718750e+02,5.246974487304687500e+02
4.583333333333333703e-01,4.506852416992187500e+02,5.302771606445312500e+02
5.000000000000000000e-01,4.730461120605468750e+02,6.048784790039062500e+02
5.416666666666667407e-01,4.191353149414062500e+02,5.182277832031250000e+02
5.833333333333333703e-01,6.226104736328125000e+02,6.318878173828125000e+02
6.250000000000000000e-01,6.244603271484375000e+02,6.321496582031250000e+02
6.666666666666667407e-01,4.765965881347656250e+02,6.047136840820312500e+02
7.083333333333333703e-01,4.773047180175781250e+02,6.046541137695312500e+02
7.500000000000000000e-01,4.562226562500000000e+02,5.294254150390625000e+02
7.916666666666667407e-01,6.284057006835937500e+02,6.316607055664062500e+02
8.333333333333333703e-01,4.250483703613281250e+02,5.183006591796875000e+02
8.750000000000000000e-01,4.814680480957031250e+02,6.031830444335937500e+02
9.166666666666667407e-01,4.820653381347656250e+02,6.025844726562500000e+02
9.583333333333333703e-01,4.832113037109375000e+02,6.013520507812500000e+02
1.000000000000000000e+00,3.233359069824218750e+02,3.046439819335937500e+02
1.041666666666666741e+00,6.331395874023437500e+02,6.295665283203125000e+02
1.083333333333333481e+00,4.854430541992187500e+02,6.012496337890625000e+02
1.125000000000000000e+00,6.365005493164062500e+02,6.302049560546875000e+02
1.166666666666666741e+00,6.389498291015625000e+02,6.328321533203125000e+02
1.208333333333333481e+00,6.441530761718750000e+02,6.394473266601562500e+02
1.250000000000000000e+00,6.586695556640625000e+02,6.536698608398437500e+02
1.291666666666666741e+00,6.783215332031250000e+02,5.427539062500000000e+02
1.333333333333333481e+00,5.635401000976562500e+02,7.275324096679687500e+02
1.375000000000000000e+00,5.805882568359375000e+02,7.666409912109375000e+02
1.416666666666666741e+00,3.907182617187500000e+02,7.151053466796875000e+02
1.458333333333333481e+00,3.592238159179687500e+02,2.461672821044921875e+02
1.500000000000000000e+00,1.974583435058593750e+02,5.428887329101562500e+02
1.541666666666666741e+00,4.060401000976562500e+02,4.404268798828125000e+02
1.583333333333333481e+00,6.365021972656250000e+02,9.129004516601562500e+02
1.625000000000000000e+00,6.771698608398437500e+02,8.480192871093750000e+02
1.666666666666666741e+00,6.945480957031250000e+02,8.639429321289062500e+02
1.708333333333333481e+00,1.419319458007812500e+02,5.177858276367187500e+02
1.750000000000000000e+00,7.073787231445312500e+02,9.420985717773437500e+02
1.791666666666666741e+00,6.565455932617187500e+02,1.093129760742187500e+03
1.833333333333333481e+00,3.258407287597656250e+02,3.145668029785156250e+02
1.875000000000000000e+00,3.855951232910156250e+02,5.101038818359375000e+02
1.916666666666666741e+00,4.739113464355468750e+02,5.857105102539062500e+02
1.958333333333333481e+00,3.691414184570312500e+02,5.104089965820312500e+02
2.000000000000000000e+00,4.922532348632812500e+02,5.438395385742187500e+02
2.041666666666666963e+00,4.619862365722656250e+02,5.112908325195312500e+02
2.083333333333333481e+00,4.406362304687500000e+02,5.145242919921875000e+02
2.125000000000000000e+00,5.457215576171875000e+02,5.116833190917968750e+02
2.166666666666666963e+00,3.503541870117187500e+02,4.959667968750000000e+02
2.208333333333333481e+00,3.123970336914062500e+02,3.678425903320312500e+02
2.250000000000000000e+00,3.061156005859375000e+02,5.362526245117187500e+02
2.291666666666666963e+00,2.804264526367187500e+02,3.636626586914062500e+02
2.333333333333333481e+00,2.988751831054687500e+02,2.776137390136718750e+02
2.375000000000000000e+00,2.874963684082031250e+02,2.876199645996093750e+02
2.416666666666666963e+00,2.729371032714843750e+02,2.679580383300781250e+02
2.458333333333333481e+00,3.078461608886718750e+02,3.658399658203125000e+02
2.500000000000000000e+00,2.600965270996093750e+02,5.341835937500000000e+02
2.541666666666666963e+00,3.245771179199218750e+02,5.395468750000000000e+02
2.583333333333333481e+00,3.500590209960937500e+02,5.746468505859375000e+02
2.625000000000000000e+00,4.471167907714843750e+02,5.595222167968750000e+02
2.666666666666666963e+00,4.464275207519531250e+02,5.299079589843750000e+02
2.708333333333333481e+00,4.464930114746093750e+02,4.933653259277343750e+02
2.750000000000000000e+00,4.287828369140625000e+02,3.806576843261718750e+02
2.791666666666666963e+00,5.064038391113281250e+02,5.259553222656250000e+02
2.833333333333333481e+00,4.718516845703125000e+02,5.405979614257812500e+02
2.875000000000000000e+00,3.957031860351562500e+02,5.554357910156250000e+02
2.916666666666666963e+00,4.223687438964843750e+02,5.625895996093750000e+02
2.958333333333333481e+00,3.103226013183593750e+02,3.955388183593750000e+02
3.000000000000000000e+00,2.936513671875000000e+02,3.950812377929687500e+02
3.041666666666666963e+00,2.906636352539062500e+02,2.623308715820312500e+02
3.083333333333333481e+00,2.705175781250000000e+02,2.685998229980468750e+02
3.125000000000000000e+00,2.829117126464843750e+02,2.794855041503906250e+02
3.166666666666666963e+00,2.919604187011718750e+02,2.602909240722656250e+02
3.208333333333333481e+00,2.878805541992187500e+02,2.726115417480468750e+02
3.250000000000000000e+00,2.985172729492187500e+02,3.973370361328125000e+02
3.291666666666666963e+00,3.045711975097656250e+02,5.126848144531250000e+02
3.333333333333333481e+00,3.413367004394531250e+02,4.459944763183593750e+02
3.375000000000000000e+00,3.587669677734375000e+02,5.241591186523437500e+02
3.416666666666666963e+00,4.312631835937500000e+02,5.637351074218750000e+02
3.458333333333333481e+00,4.277632751464843750e+02,5.184573974609375000e+02
3.500000000000000000e+00,5.206675415039062500e+02,5.422691040039062500e+02
3.541666666666666963e+00,3.587723083496093750e+02,2.579074707031250000e+02
3.583333333333333481e+00,3.522023010253906250e+02,2.671748352050781250e+02
3.625000000000000000e+00,3.529732666015625000e+02,2.669111938476562500e+02
3.666666666666666963e+00,3.757104797363281250e+02,5.778816528320312500e+02
3.708333333333333481e+00,3.103607177734375000e+02,5.556225585937500000e+02
3.750000000000000000e+00,2.879738464355468750e+02,2.952162475585937500e+02
3.791666666666666963e+00,2.666864318847656250e+02,2.939325866699218750e+02
3.833333333333333481e+00,2.662295837402343750e+02,2.857129821777343750e+02
3.875000000000000000e+00,2.650787048339843750e+02,2.737279663085937500e+02
3.916666666666666963e+00,2.678372802734375000e+02,2.855357360839843750e+02
3.958333333333333481e+00,2.893044433593750000e+02,2.782925415039062500e+02
4.000000000000000000e+00,2.975132751464843750e+02,2.849049987792968750e+02
4.041666666666666963e+00,3.200448303222656250e+02,5.567639770507812500e+02
4.083333333333333925e+00,3.102167053222656250e+02,5.569331665039062500e+02
4.125000000000000000e+00,3.709284362792968750e+02,5.497465209960937500e+02
4.166666666666666963e+00,3.536454467773437500e+02,2.677164611816406250e+02
4.208333333333333925e+00,3.542834777832031250e+02,2.679178466796875000e+02
4.250000000000000000e+00,3.588337707519531250e+02,2.575870056152343750e+02
4.291666666666666963e+00,4.964849853515625000e+02,5.823134765625000000e+02
4.333333333333333925e+00,4.667903747558593750e+02,5.626536254882812500e+02
4.375000000000000000e+00,3.711270446777343750e+02,5.195244140625000000e+02
4.416666666666666963e+00,5.307202758789062500e+02,5.405617065429687500e+02
4.458333333333333925e+00,3.036729431152343750e+02,2.763008728027343750e+02
4.500000000000000000e+00,2.855255126953125000e+02,2.813499145507812500e+02
4.541666666666666963e+00,2.787582702636718750e+02,2.864852294921875000e+02
4.583333333333333925e+00,2.732809753417968750e+02,2.804148254394531250e+02
4.625000000000000000e+00,2.967470703125000000e+02,2.748665161132812500e+02
4.666666666666666963e+00,2.769093933105468750e+02,2.818377075195312500e+02
4.708333333333333925e+00,2.851150512695312500e+02,2.787637329101562500e+02
4.750000000000000000e+00,3.011200866699218750e+02,2.757095336914062500e+02
4.791666666666666963e+00,3.185668640136718750e+02,6.096994018554687500e+02
4.833333333333333925e+00,3.557526245117187500e+02,6.025325927734375000e+02
4.875000000000000000e+00,4.300779724121093750e+02,1.095060302734375000e+03
4.916666666666666963e+00,3.564457092285156250e+02,6.024633178710937500e+02
4.958333333333333925e+00,5.119354248046875000e+02,5.590469970703125000e+02
5.000000000000000000e+00,5.155689697265625000e+02,5.517573242187500000e+02
5.041666666666666963e+00,5.071200561523437500e+02,5.478112792968750000e+02
5.083333333333333925e+00,5.184452514648437500e+02,5.582271728515625000e+02
5.125000000000000000e+00,4.462803039550781250e+02,5.785086669921875000e+02
5.166666666666666963e+00,3.520643615722656250e+02,2.701705627441406250e+02
5.208333333333333925e+00,3.887228393554687500e+02,2.645219726562500000e+02
5.250000000000000000e+00,2.995686035156250000e+02,2.766292724609375000e+02
5.291666666666666963e+00,2.955645141601562500e+02,2.771067504882812500e+02
5.333333333333333925e+00,2.921337890625000000e+02,2.773054199218750000e+02
5.375000000000000000e+00,2.743883361816406250e+02,2.816799926757812500e+02
5.416666666666666963e+00,2.802132873535156250e+02,2.813129882812500000e+02
5.458333333333333925e+00,2.757939453125000000e+02,2.844970703125000000e+02
5.500000000000000000e+00,2.766101989746093750e+02,2.841844177246093750e+02
5.541666666666666963e+00,2.905406799316406250e+02,2.776506652832031250e+02
5.583333333333333925e+00,2.908744201660156250e+02,2.776526794433593750e+02
5.625000000000000000e+00,3.522397460937500000e+02,2.702745971679687500e+02
5.666666666666666963e+00,3.503748779296875000e+02,2.707131347656250000e+02
5.708333333333333925e+00,3.514915771484375000e+02,2.705957031250000000e+02
5.750000000000000000e+00,5.231305541992187500e+02,5.550244140625000000e+02
5.791666666666666963e+00,4.469700622558593750e+02,6.031345214843750000e+02
5.833333333333333925e+00,4.657929687500000000e+02,5.873729858398437500e+02
5.875000000000000000e+00,4.352982788085937500e+02,6.108390502929687500e+02
5.916666666666666963e+00,4.178412170410156250e+02,5.992565917968750000e+02
5.958333333333333925e+00,6.598876953125000000e+02,5.549156494140625000e+02
6.000000000000000000e+00,2.896366271972656250e+02,2.783882446289062500e+02
6.041666666666666963e+00,2.839023132324218750e+02,2.791080627441406250e+02
6.083333333333333925e+00,2.748739013671875000e+02,2.855566406250000000e+02
6.125000000000000000e+00,2.616944885253906250e+02,2.746832885742187500e+02
6.166666666666666963e+00,2.870993652343750000e+02,2.676625671386718750e+02
6.208333333333333925e+00,2.907306823730468750e+02,2.722487792968750000e+02
6.250000000000000000e+00,2.863275451660156250e+02,2.806138916015625000e+02
6.291666666666666963e+00,2.849667358398437500e+02,2.813445129394531250e+02
6.333333333333333925e+00,3.492557067871093750e+02,2.716854858398437500e+02
6.375000000000000000e+00,2.775487670898437500e+02,2.887489624023437500e+02
6.416666666666666963e+00,2.830451049804687500e+02,2.747057189941406250e+02
6.458333333333333925e+00,3.293146057128906250e+02,1.877140045166015625e+02
6.500000000000000000e+00,3.496252136230468750e+02,2.716446228027343750e+02
6.541666666666666963e+00,3.580562438964843750e+02,2.604892578125000000e+02
6.583333333333333925e+00,3.499065246582031250e+02,2.739660644531250000e+02
6.625000000000000000e+00,3.570036621093750000e+02,2.610931396484375000e+02
6.666666666666666963e+00,3.499089965820312500e+02,2.736647033691406250e+02
6.708333333333333925e+00,3.503532714843750000e+02,2.735989685058593750e+02
6.750000000000000000e+00,2.972958374023437500e+02,2.734728088378906250e+02
6.791666666666666963e+00,2.942599182128906250e+02,2.735724182128906250e+02
6.833333333333333925e+00,2.741188354492187500e+02,2.887537536621093750e+02
6.875000000000000000e+00,2.706948547363281250e+02,2.860369262695312500e+02
6.916666666666666963e+00,2.970429992675781250e+02,2.725559387207031250e+02
6.958333333333333925e+00,2.845746459960937500e+02,2.835487670898437500e+02
7.000000000000000000e+00,2.964530029296875000e+02,2.739346313476562500e+02
7.041666666666666963e+00,3.562738952636718750e+02,2.622555541992187500e+02
7.083333333333333925e+00,3.026427001953125000e+02,2.753098449707031250e+02
7.125000000000000000e+00,3.507083129882812500e+02,2.750956420898437500e+02
7.166666666666666963e+00,6.551274414062500000e+02,1.102647460937500000e+03
7.208333333333333925e+00,3.509546508789062500e+02,2.760823669433593750e+02
7.250000000000000000e+00,3.503993835449218750e+02,2.755375976562500000e+02
7.291666666666666963e+00,3.787764587402343750e+02,2.757523193359375000e+02
7.333333333333333925e+00,3.520255432128906250e+02,2.754875183105468750e+02
7.375000000000000000e+00,3.554692993164062500e+02,2.615372619628906250e+02
7.416666666666666963e+00,3.543051452636718750e+02,2.627570800781250000e+02
7.458333333333333925e+00,3.535231628417968750e+02,2.625656738281250000e+02
7.500000000000000000e+00,2.977094726562500000e+02,2.748099060058593750e+02
7.541666666666666963e+00,3.014197692871093750e+02,2.753471069335937500e+02
7.583333333333333925e+00,2.865806274414062500e+02,2.869361267089843750e+02
7.625000000000000000e+00,2.834364624023437500e+02,2.829784545898437500e+02
7.666666666666666963e+00,3.313549499511718750e+02,8.193465576171875000e+02
7.708333333333333925e+00,2.822756652832031250e+02,2.861559143066406250e+02
7.750000000000000000e+00,3.018139038085937500e+02,2.734469909667968750e+02
7.791666666666666963e+00,3.090466613769531250e+02,2.754115600585937500e+02
7.833333333333333925e+00,3.087699279785156250e+02,2.742297058105468750e+02
7.875000000000000000e+00,2.707498474121093750e+02,2.819035034179687500e+02
7.916666666666666963e+00,3.524654541015625000e+02,2.777005615234375000e+02
7.958333333333333925e+00,3.535234375000000000e+02,2.647927551269531250e+02
8.000000000000000000e+00,3.532894897460937500e+02,2.636673278808593750e+02
8.041666666666667851e+00,3.538595581054687500e+02,2.619293823242187500e+02
8.083333333333333925e+00,3.525123901367187500e+02,2.637682495117187500e+02
8.125000000000000000e+00,3.518107604980468750e+02,2.765268859863281250e+02
8.166666666666667851e+00,3.524088745117187500e+02,2.638302917480468750e+02
8.208333333333333925e+00,3.501125488281250000e+02,2.765413513183593750e+02
8.250000000000000000e+00,3.360905456542968750e+02,6.791821899414062500e+02
8.291666666666667851e+00,3.096495361328125000e+02,2.757019042968750000e+02
8.333333333333333925e+00,2.864288024902343750e+02,2.873780822753906250e+02
8.375000000000000000e+00,2.769609985351562500e+02,2.890305480957031250e+02
8.416666666666667851e+00,2.730496215820312500e+02,2.888443908691406250e+02
8.458333333333333925e+00,2.925702209472656250e+02,2.690589294433593750e+02
8.500000000000000000e+00,2.916464233398437500e+02,2.869995422363281250e+02
8.541666666666667851e+00,2.852045288085937500e+02,2.881148681640625000e+02
8.583333333333333925e+00,3.067203674316406250e+02,2.780919494628906250e+02
8.625000000000000000e+00,2.960656738281250000e+02,2.859035339355468750e+02
8.666666666666667851e+00,3.289017333984375000e+02,1.917821807861328125e+02
8.708333333333333925e+00,3.500349426269531250e+02,2.774950256347656250e+02
8.750000000000000000e+00,3.521158752441406250e+02,2.655952758789062500e+02
8.791666666666667851e+00,3.517243347167968750e+02,2.680476989746093750e+02
8.833333333333333925e+00,3.513954162597656250e+02,2.685788574218750000e+02
8.875000000000000000e+00,3.504407043457031250e+02,2.750989074707031250e+02
8.916666666666667851e+00,3.511715087890625000e+02,2.772875061035156250e+02
8.958333333333333925e+00,3.519400329589843750e+02,2.695346069335937500e+02
9.000000000000000000e+00,3.068965759277343750e+02,2.790100097656250000e+02
9.041666666666667851e+00,2.934461975097656250e+02,2.876054992675781250e+02
9.083333333333333925e+00,2.899407348632812500e+02,2.888059692382812500e+02
9.125000000000000000e+00,2.686507263183593750e+02,2.970025329589843750e+02
9.166666666666667851e+00,2.916822814941406250e+02,2.723721923828125000e+02
9.208333333333333925e+00,2.772667541503906250e+02,2.883156127929687500e+02
9.250000000000000000e+00,2.738557739257812500e+02,2.986250305175781250e+02
9.291666666666667851e+00,3.137441711425781250e+02,2.822689514160156250e+02
9.333333333333333925e+00,2.931316528320312500e+02,2.737218017578125000e+02
9.375000000000000000e+00,3.124663085937500000e+02,2.831533203125000000e+02
9.416666666666667851e+00,3.177962341308593750e+02,2.846601257324218750e+02
9.458333333333333925e+00,3.189816589355468750e+02,2.845336914062500000e+02
9.500000000000000000e+00,3.510470581054687500e+02,2.784226989746093750e+02
9.541666666666667851e+00,3.512711181640625000e+02,2.701506042480468750e+02
9.583333333333333925e+00,3.506256103515625000e+02,2.684789123535156250e+02
9.625000000000000000e+00,3.517782592773437500e+02,2.685489807128906250e+02
9.666666666666667851e+00,3.487098999023437500e+02,2.684870605468750000e+02
9.708333333333333925e+00,3.168352966308593750e+02,2.857746887207031250e+02
9.750000000000000000e+00,3.076449279785156250e+02,2.861059570312500000e+02
9.791666666666667851e+00,3.141065368652343750e+02,2.866649475097656250e+02
9.833333333333333925e+00,3.126915893554687500e+02,2.855101928710937500e+02
9.875000000000000000e+00,3.090025634765625000e+02,2.844323425292968750e+02
9.916666666666667851e+00,2.768769531250000000e+02,2.912847900390625000e+02
9.958333333333333925e+00,2.742106323242187500e+02,3.006447143554687500e+02
1.000000000000000000e+01,3.134740600585937500e+02,2.844062194824218750e+02
1.004166666666666785e+01,3.113267211914062500e+02,2.846959228515625000e+02
1.008333333333333393e+01,3.131646423339843750e+02,2.864775085449218750e+02
1.012500000000000000e+01,3.121809082031250000e+02,2.869567565917968750e+02
1.016666666666666785e+01,3.190681457519531250e+02,2.859456787109375000e+02
1.020833333333333393e+01,3.506534729003906250e+02,2.809689636230468750e+02
1.025000000000000000e+01,3.495444641113281250e+02,2.704888610839843750e+02
1.029166666666666785e+01,3.518506774902343750e+02,2.689259338378906250e+02
1.033333333333333393e+01,3.524764709472656250e+02,2.694612121582031250e+02
1.037500000000000000e+01,3.523810424804687500e+02,2.712793884277343750e+02
1.041666666666666785e+01,3.557971496582031250e+02,2.730095520019531250e+02
1.045833333333333393e+01,3.212385559082031250e+02,2.836200866699218750e+02
1.050000000000000000e+01,3.147094726562500000e+02,2.861555175781250000e+02
1.054166666666666785e+01,3.184609375000000000e+02,2.845050659179687500e+02
1.058333333333333393e+01,3.238374328613281250e+02,2.847758789062500000e+02
1.062500000000000000e+01,2.796829528808593750e+02,2.919775390625000000e+02
1.066666666666666785e+01,2.726589355468750000e+02,2.909768371582031250e+02
1.070833333333333393e+01,2.709675903320312500e+02,2.912834472656250000e+02
1.075000000000000000e+01,2.715443725585937500e+02,2.952272949218750000e+02
1.079166666666666785e+01,2.732764282226562500e+02,3.066083984375000000e+02
1.083333333333333393e+01,3.231535644531250000e+02,2.848794555664062500e+02
1.087500000000000000e+01,3.316523132324218750e+02,2.851854858398437500e+02
1.091666666666666785e+01,3.430742797851562500e+02,2.853682250976562500e+02
1.095833333333333393e+01,3.408400268554687500e+02,2.839925842285156250e+02
1.100000000000000000e+01,3.555823974609375000e+02,2.741805419921875000e+02
1.104166666666666785e+01,3.552893371582031250e+02,2.734532775878906250e+02
1.108333333333333393e+01,3.392102050781250000e+02,2.836179504394531250e+02
1.112500000000000000e+01,3.558273925781250000e+02,2.732193298339843750e+02
1.116666666666666785e+01,3.534690856933593750e+02,2.822941284179687500e+02
1.120833333333333393e+01,3.473728332519531250e+02,2.837965393066406250e+02
1.125000000000000000e+01,3.465721130371093750e+02,2.832212524414062500e+02
1.129166666666666785e+01,3.888347778320312500e+02,2.684867553710937500e+02
1.133333333333333393e+01,2.737713623046875000e+02,3.070443115234375000e+02
1.137500000000000000e+01,2.903197937011718750e+02,2.789277954101562500e+02
1.141666666666666785e+01,2.667082824707031250e+02,3.034996032714843750e+02
1.145833333333333393e+01,2.667843627929687500e+02,2.964498901367187500e+02
1.150000000000000000e+01,2.747688903808593750e+02,2.859439086914062500e+02
1.154166666666666785e+01,2.745554504394531250e+02,3.033632202148437500e+02
1.158333333333333393e+01,2.697182922363281250e+02,2.951188354492187500e+02
1.162500000000000000e+01,3.391876525878906250e+02,2.847305603027343750e+02
1.166666666666666785e+01,3.396077880859375000e+02,2.840514831542968750e+02
1.170833333333333393e+01,3.394349670410156250e+02,2.844938354492187500e+02
1.175000000000000000e+01,3.400627136230468750e+02,2.852453918457031250e+02
1.179166666666666785e+01,3.504885559082031250e+02,2.829480590820312500e+02
1.183333333333333393e+01,3.554411621093750000e+02,2.725603332519531250e+02
1.187500000000000000e+01,3.560497436523437500e+02,2.743815002441406250e+02
1.191666666666666785e+01,3.553044738769531250e+02,2.759327392578125000e+02
1.195833333333333393e+01,3.386385498046875000e+02,2.847800903320312500e+02
1.200000000000000000e+01,3.375831604003906250e+02,2.844820556640625000e+02
1.204166666666666785e+01,3.389004516601562500e+02,2.841237487792968750e+02
1.208333333333333393e+01,2.755303955078125000e+02,3.042240600585937500e+02
1.212500000000000000e+01,2.750455627441406250e+02,3.034530334472656250e+02
1.216666666666666785e+01,2.756300354003906250e+02,2.874890136718750000e+02
1.220833333333333393e+01,2.747943420410156250e+02,2.991439514160156250e+02
1.225000000000000000e+01,2.748264465332031250e+02,3.033337707519531250e+02
1.229166666666666785e+01,2.747404174804687500e+02,3.006781921386718750e+02
1.233333333333333393e+01,2.748449096679687500e+02,3.010564880371093750e+02
1.237500000000000000e+01,3.881740112304687500e+02,2.782927856445312500e+02
1.241666666666666785e+01,3.405838317871093750e+02,2.848381347656250000e+02
1.245833333333333393e+01,3.407441711425781250e+02,2.832192382812500000e+02
1.250000000000000000e+01,3.557432556152343750e+02,2.771196899414062500e+02
1.254166666666666785e+01,3.551096191406250000e+02,2.796052551269531250e+02
1.258333333333333393e+01,3.423354797363281250e+02,2.832062377929687500e+02
1.262500000000000000e+01,3.573851013183593750e+02,2.812937622070312500e+02
1.266666666666666785e+01,3.538573303222656250e+02,2.836614379882812500e+02
1.270833333333333393e+01,3.505079650878906250e+02,2.861611022949218750e+02
1.275000000000000000e+01,3.443121948242187500e+02,2.862691345214843750e+02
1.279166666666666785e+01,3.478893432617187500e+02,2.857921142578125000e+02
1.283333333333333393e+01,2.559058685302734375e+02,2.955756835937500000e+02
1.287500000000000000e+01,2.866899719238281250e+02,2.813981323242187500e+02
1.291666666666666785e+01,2.751620788574218750e+02,3.042214050292968750e+02
1.295833333333333393e+01,2.755187072753906250e+02,2.879472656250000000e+02
1.300000000000000000e+01,2.699613647460937500e+02,2.954602966308593750e+02
1.304166666666666785e+01,2.761821289062500000e+02,2.882327575683593750e+02
1.308333333333333393e+01,2.752392883300781250e+02,3.011030578613281250e+02
1.312500000000000000e+01,2.770983276367187500e+02,2.884937438964843750e+02
1.316666666666666785e+01,3.405615844726562500e+02,2.835951538085937500e+02
1.320833333333333393e+01,3.404648132324218750e+02,2.825335998535156250e+02
1.325000000000000000e+01,3.500932006835937500e+02,2.872650756835937500e+02
1.329166666666666785e+01,3.534704284667968750e+02,2.829704589843750000e+02
1.333333333333333393e+01,3.419917602539062500e+02,2.820941467285156250e+02
1.337500000000000000e+01,3.503993530273437500e+02,2.871663208007812500e+02
1.341666666666666785e+01,3.543858642578125000e+02,2.836122436523437500e+02
1.345833333333333393e+01,3.487153930664062500e+02,2.861927490234375000e+02
1.350000000000000000e+01,3.471911010742187500e+02,2.885904541015625000e+02
1.354166666666666785e+01,3.466724853515625000e+02,2.885641479492187500e+02
1.358333333333333393e+01,4.077276000976562500e+02,1.109053100585937500e+03
1.362500000000000000e+01,2.558025054931640625e+02,2.965239868164062500e+02
1.366666666666666785e+01,2.732741394042968750e+02,3.061253051757812500e+02
1.370833333333333393e+01,2.707661743164062500e+02,2.956374511718750000e+02
1.375000000000000000e+01,2.679346923828125000e+02,3.041173706054687500e+02
1.379166666666666785e+01,2.781813659667968750e+02,2.954921875000000000e+02
1.383333333333333393e+01,2.707080688476562500e+02,2.965494384765625000e+02
1.387500000000000000e+01,2.800665893554687500e+02,2.947117004394531250e+02
1.391666666666666785e+01,3.784454040527343750e+02,1.066294921875000000e+03
1.395833333333333393e+01,3.406997985839843750e+02,2.814709472656250000e+02
1.400000000000000000e+01,3.467816467285156250e+02,2.874866638183593750e+02
1.404166666666666785e+01,3.470169677734375000e+02,2.884443359375000000e+02
1.408333333333333393e+01,3.486405944824218750e+02,2.888521728515625000e+02
1.412500000000000000e+01,3.420032348632812500e+02,2.824020080566406250e+02
1.416666666666666785e+01,3.418478088378906250e+02,2.838735046386718750e+02
1.420833333333333393e+01,3.512438964843750000e+02,2.906604003906250000e+02
1.425000000000000000e+01,3.424755859375000000e+02,2.851015014648437500e+02
1.429166666666666785e+01,3.336099243164062500e+02,2.826442565917968750e+02
1.433333333333333393e+01,3.331734008789062500e+02,2.823091735839843750e+02
1.437500000000000000e+01,3.287431335449218750e+02,2.009904632568359375e+02
1.441666666666666785e+01,2.796720275878906250e+02,2.955089111328125000e+02
1.445833333333333393e+01,2.737064208984375000e+02,2.952325744628906250e+02
1.450000000000000000e+01,2.797624206542968750e+02,2.941351318359375000e+02
1.454166666666666785e+01,2.798927001953125000e+02,2.954354248046875000e+02
1.458333333333333393e+01,3.883797912597656250e+02,2.795356750488281250e+02
1.462500000000000000e+01,3.330204162597656250e+02,2.822490844726562500e+02
1.466666666666666785e+01,3.332626342773437500e+02,2.818125915527343750e+02
1.470833333333333393e+01,3.330191650390625000e+02,2.811899719238281250e+02
1.475000000000000000e+01,3.527796325683593750e+02,2.905032653808593750e+02
1.479166666666666785e+01,3.553092956542968750e+02,2.910203552246093750e+02
1.483333333333333393e+01,3.524137268066406250e+02,2.898874206542968750e+02
1.487500000000000000e+01,3.786389160156250000e+02,2.871438903808593750e+02
1.491666666666666785e+01,3.545559387207031250e+02,2.896673278808593750e+02
1.495833333333333393e+01,3.325556945800781250e+02,2.803184204101562500e+02
1.500000000000000000e+01,3.300844421386718750e+02,2.815857543945312500e+02
1.504166666666666785e+01,3.513508300781250000e+02,2.893664245605468750e+02
1.508333333333333393e+01,3.297406311035156250e+02,2.825383605957031250e+02
1.512500000000000000e+01,2.641602172851562500e+02,2.902854919433593750e+02
1.516666666666666785e+01,2.866446228027343750e+02,2.831875305175781250e+02
1.520833333333333393e+01,2.798212280273437500e+02,2.963712768554687500e+02
1.525000000000000000e+01,2.766152954101562500e+02,2.888077087402343750e+02
1.529166666666666785e+01,2.807571716308593750e+02,2.952702331542968750e+02
1.533333333333333393e+01,2.776522827148437500e+02,2.896080322265625000e+02
1.537500000000000000e+01,2.812489624023437500e+02,2.953938293457031250e+02
1.541666666666666785e+01,3.294810791015625000e+02,2.828038635253906250e+02
1.545833333333333393e+01,3.308462829589843750e+02,2.825531005859375000e+02
1.550000000000000000e+01,3.525715942382812500e+02,2.893558959960937500e+02
1.554166666666666785e+01,3.514475097656250000e+02,2.899845275878906250e+02
1.558333333333333393e+01,3.478786010742187500e+02,2.885533142089843750e+02
1.562500000000000000e+01,3.507027282714843750e+02,2.836185302734375000e+02
1.566666666666666785e+01,3.500498962402343750e+02,2.830446472167968750e+02
1.570833333333333393e+01,3.297088012695312500e+02,2.837339477539062500e+02
1.575000000000000000e+01,3.503669433593750000e+02,2.877405395507812500e+02
1.579166666666666785e+01,3.472394104003906250e+02,2.875206604003906250e+02
1.583333333333333393e+01,2.864722900390625000e+02,2.839938354492187500e+02
1.587500000000000000e+01,3.291049194335937500e+02,2.838649597167968750e+02
1.591666666666666785e+01,3.284316711425781250e+02,2.839093627929687500e+02
1.595833333333333393e+01,2.719925231933593750e+02,2.963004455566406250e+02
1.600000000000000000e+01,2.694149780273437500e+02,2.830902099609375000e+02
1.604166666666666785e+01,2.715175476074218750e+02,3.095159912109375000e+02
1.608333333333333570e+01,2.752825317382812500e+02,3.094949035644531250e+02
1.612500000000000000e+01,3.213256835937500000e+02,9.530054931640625000e+02
1.616666666666666785e+01,2.702279968261718750e+02,2.828728027343750000e+02
1.620833333333333570e+01,3.298146972656250000e+02,2.847569274902343750e+02
1.625000000000000000e+01,3.289328308105468750e+02,2.843250732421875000e+02
1.629166666666666785e+01,3.295982055664062500e+02,2.847103576660156250e+02
1.633333333333333570e+01,3.460173034667968750e+02,2.894050598144531250e+02
1.637500000000000000e+01,3.474184570312500000e+02,2.894631042480468750e+02
1.641666666666666785e+01,3.467477416992187500e+02,2.886958618164062500e+02
1.645833333333333570e+01,3.472563781738281250e+02,2.880906372070312500e+02
1.650000000000000000e+01,3.498425903320312500e+02,2.845526733398437500e+02
1.654166666666666785e+01,3.264220275878906250e+02,2.846626281738281250e+02
1.658333333333333570e+01,3.165184936523437500e+02,2.833624877929687500e+02
1.662500000000000000e+01,3.168841857910156250e+02,2.830134277343750000e+02
1.666666666666666785e+01,3.175214538574218750e+02,2.818133239746093750e+02
1.670833333333333570e+01,3.168773193359375000e+02,2.812411804199218750e+02
1.675000000000000000e+01,2.710831909179687500e+02,2.908076477050781250e+02
1.679166666666666785e+01,2.679404907226562500e+02,2.948877258300781250e+02
1.683333333333333570e+01,2.754809265136718750e+02,3.114641723632812500e+02
1.687500000000000000e+01,2.759397277832031250e+02,3.130747985839843750e+02
1.691666666666666785e+01,3.151669311523437500e+02,2.806124877929687500e+02
1.695833333333333570e+01,3.149342041015625000e+02,2.823014831542968750e+02
1.700000000000000000e+01,3.122857055664062500e+02,2.817624816894531250e+02
1.704166666666666785e+01,3.155638122558593750e+02,2.809765625000000000e+02
1.708333333333333570e+01,3.491202392578125000e+02,2.827443237304687500e+02
1.712500000000000000e+01,3.469630432128906250e+02,2.884897766113281250e+02
1.716666666666666785e+01,3.464810485839843750e+02,2.876255798339843750e+02
1.720833333333333570e+01,3.475054321289062500e+02,2.838675231933593750e+02
1.725000000000000000e+01,3.453579711914062500e+02,2.884429016113281250e+02
1.729166666666666785e+01,3.480224304199218750e+02,2.858400573730468750e+02
1.733333333333333570e+01,3.355368957519531250e+02,2.869652709960937500e+02
1.737500000000000000e+01,3.332599792480468750e+02,2.864076843261718750e+02
1.741666666666666785e+01,3.107080078125000000e+02,2.861857299804687500e+02
1.745833333333333570e+01,3.145911865234375000e+02,2.882542419433593750e+02
1.750000000000000000e+01,3.139323425292968750e+02,2.893502197265625000e+02
1.754166666666666785e+01,6.525245361328125000e+02,1.113703491210937500e+03
1.758333333333333570e+01,2.753971862792968750e+02,3.134766540527343750e+02
1.762500000000000000e+01,3.149187927246093750e+02,2.887348327636718750e+02
1.766666666666666785e+01,3.145942687988281250e+02,2.876673583984375000e+02
1.770833333333333570e+01,3.154810180664062500e+02,2.894515686035156250e+02
1.775000000000000000e+01,3.154587707519531250e+02,2.878429870605468750e+02
1.779166666666666785e+01,3.227035827636718750e+02,2.870843811035156250e+02
1.783333333333333570e+01,3.384859008789062500e+02,2.883383789062500000e+02
1.787500000000000000e+01,3.399726867675781250e+02,2.882094421386718750e+02
1.791666666666666785e+01,3.489247741699218750e+02,2.846028747558593750e+02
1.795833333333333570e+01,3.497019042968750000e+02,2.849343872070312500e+02
1.800000000000000000e+01,3.356572570800781250e+02,2.873702087402343750e+02
1.804166666666666785e+01,3.478803710937500000e+02,2.863263244628906250e+02
1.808333333333333570e+01,3.166748352050781250e+02,2.876671447753906250e+02
1.812500000000000000e+01,3.352218322753906250e+02,2.858128662109375000e+02
1.816666666666666785e+01,3.195917358398437500e+02,2.893758850097656250e+02
1.820833333333333570e+01,3.186997985839843750e+02,2.886367492675781250e+02
1.825000000000000000e+01,2.719807739257812500e+02,3.167571105957031250e+02
1.829166666666666785e+01,2.695508728027343750e+02,3.132891845703125000e+02
1.833333333333333570e+01,2.694355163574218750e+02,3.142629699707031250e+02
1.837500000000000000e+01,2.758010253906250000e+02,3.157255249023437500e+02
1.841666666666666785e+01,2.821513061523437500e+02,3.258647155761718750e+02
1.845833333333333570e+01,2.933837585449218750e+02,3.275196533203125000e+02
1.850000000000000000e+01,3.168274230957031250e+02,3.297187194824218750e+02
1.854166666666666785e+01,3.229471740722656250e+02,3.318388977050781250e+02
1.858333333333333570e+01,3.203672790527343750e+02,2.873900451660156250e+02
1.862500000000000000e+01,3.482185974121093750e+02,2.835958557128906250e+02
1.866666666666666785e+01,3.495533142089843750e+02,2.843259582519531250e+02
1.870833333333333570e+01,3.491017456054687500e+02,2.840371093750000000e+02
1.875000000000000000e+01,3.492984313964843750e+02,2.824777221679687500e+02
1.879166666666666785e+01,3.498344726562500000e+02,2.833799743652343750e+02
1.883333333333333570e+01,3.109006958007812500e+02,2.887587890625000000e+02
1.887500000000000000e+01,3.049613647460937500e+02,3.301423645019531250e+02
1.891666666666666785e+01,2.932371215820312500e+02,3.276000976562500000e+02
1.895833333333333570e+01,2.803820190429687500e+02,3.268945007324218750e+02
1.900000000000000000e+01,2.677148742675781250e+02,3.224639587402343750e+02
1.904166666666666785e+01,3.037957458496093750e+02,2.843428649902343750e+02
1.908333333333333570e+01,2.668596496582031250e+02,3.233954162597656250e+02
1.912500000000000000e+01,2.726581115722656250e+02,3.236968688964843750e+02
1.916666666666666785e+01,2.892036132812500000e+02,3.250875549316406250e+02
1.920833333333333570e+01,2.996966247558593750e+02,3.264290466308593750e+02
1.925000000000000000e+01,3.064903259277343750e+02,3.241946105957031250e+02
1.929166666666666785e+01,3.172599792480468750e+02,3.238584594726562500e+02
1.933333333333333570e+01,3.191738281250000000e+02,3.237747497558593750e+02
1.937500000000000000e+01,3.502810363769531250e+02,2.825034179687500000e+02
1.941666666666666785e+01,3.325104675292968750e+02,2.871936950683593750e+02
1.945833333333333570e+01,3.500028076171875000e+02,2.819318847656250000e+02
1.950000000000000000e+01,3.319263000488281250e+02,2.873916320800781250e+02
1.954166666666666785e+01,3.459338989257812500e+02,2.822796020507812500e+02
1.958333333333333570e+01,3.416271972656250000e+02,2.841433410644531250e+02
1.962500000000000000e+01,3.088122863769531250e+02,2.872334899902343750e+02
1.966666666666666785e+01,2.914232788085937500e+02,3.224415588378906250e+02
1.970833333333333570e+01,3.113753662109375000e+02,2.892398376464843750e+02
1.975000000000000000e+01,3.086955261230468750e+02,2.886409912109375000e+02
1.979166666666666785e+01,3.055539550781250000e+02,2.903547668457031250e+02
1.983333333333333570e+01,2.867397460937500000e+02,3.224244689941406250e+02
1.987500000000000000e+01,2.894950256347656250e+02,3.243024597167968750e+02
1.991666666666666785e+01,3.049246520996093750e+02,2.916558837890625000e+02
1.995833333333333570e+01,3.057406311035156250e+02,2.928251342773437500e+02
2.000000000000000000e+01,3.304142761230468750e+02,2.887262878417968750e+02
2.004166666666666785e+01,3.479228210449218750e+02,2.868421325683593750e+02
2.008333333333333570e+01,3.396193237304687500e+02,2.842319946289062500e+02
2.012500000000000000e+01,3.401255493164062500e+02,2.855290527343750000e+02
2.016666666666666785e+01,3.770316772460937500e+02,2.897735595703125000e+02
2.020833333333333570e+01,3.416207885742187500e+02,2.876620788574218750e+02
2.025000000000000000e+01,3.404060058593750000e+02,2.872312316894531250e+02
2.029166666666666785e+01,3.407840576171875000e+02,2.887107238769531250e+02
2.033333333333333570e+01,3.254329833984375000e+02,7.131619873046875000e+02
2.037500000000000000e+01,3.405506286621093750e+02,2.894673156738281250e+02
2.041666666666666785e+01,3.071305847167968750e+02,2.943818969726562500e+02
2.045833333333333570e+01,3.064220886230468750e+02,2.957116394042968750e+02
2.050000000000000000e+01,2.740718383789062500e+02,3.234782409667968750e+02
2.054166666666666785e+01,3.020059814453125000e+02,2.896245727539062500e+02
2.058333333333333570e+01,2.674196777343750000e+02,3.153495788574218750e+02
2.062500000000000000e+01,3.012061462402343750e+02,2.896093139648437500e+02
2.066666666666666785e+01,3.052997436523437500e+02,2.943628234863281250e+02
2.070833333333333570e+01,3.066838989257812500e+02,2.945212097167968750e+02
2.075000000000000000e+01,3.115776367187500000e+02,2.945877990722656250e+02
2.079166666666666785e+01,3.084507751464843750e+02,2.943416442871093750e+02
2.083333333333333570e+01,3.409747314453125000e+02,2.886693420410156250e+02
2.087500000000000000e+01,3.413422241210937500e+02,2.875989685058593750e+02
2.091666666666666785e+01,3.416911621093750000e+02,2.853312377929687500e+02
2.095833333333333570e+01,3.478739013671875000e+02,2.902006530761718750e+02
2.100000000000000000e+01,3.463485412597656250e+02,2.898371887207031250e+02
2.104166666666666785e+01,3.490785522460937500e+02,2.888089599609375000e+02
2.108333333333333570e+01,3.394380798339843750e+02,2.856324768066406250e+02
2.112500000000000000e+01,3.391915893554687500e+02,2.874151611328125000e+02
2.116666666666666785e+01,3.085237426757812500e+02,2.924990234375000000e+02
2.120833333333333570e+01,3.087367553710937500e+02,2.931854553222656250e+02
2.125000000000000000e+01,3.026932067871093750e+02,2.929817810058593750e+02
2.129166666666666785e+01,2.723376464843750000e+02,3.123874511718750000e+02
2.133333333333333570e+01,2.698014831542968750e+02,3.104384460449218750e+02
2.137500000000000000e+01,2.713353576660156250e+02,3.136287231445312500e+02
2.141666666666666785e+01,2.738420410156250000e+02,3.124961242675781250e+02
2.145833333333333570e+01,3.031498413085937500e+02,2.949994201660156250e+02
2.150000000000000000e+01,3.048890686035156250e+02,2.950107727050781250e+02
2.154166666666666785e+01,3.395755615234375000e+02,2.876239013671875000e+02
2.158333333333333570e+01,3.394838867187500000e+02,2.892738952636718750e+02
2.162500000000000000e+01,3.764316406250000000e+02,2.909845275878906250e+02
2.166666666666666785e+01,3.399136352539062500e+02,2.886901245117187500e+02
2.170833333333333570e+01,3.770784301757812500e+02,2.912224426269531250e+02
2.175000000000000000e+01,3.423121337890625000e+02,2.884209899902343750e+02
2.179166666666666785e+01,3.481135864257812500e+02,2.906328125000000000e+02
2.183333333333333570e+01,3.423917541503906250e+02,2.862506408691406250e+02
2.187500000000000000e+01,3.467564697265625000e+02,2.907493591308593750e+02
2.191666666666666785e+01,3.288735351562500000e+02,2.904307556152343750e+02
2.195833333333333570e+01,3.044038696289062500e+02,2.956235046386718750e+02
2.200000000000000000e+01,3.025737915039062500e+02,2.959966735839843750e+02
2.204166666666666785e+01,3.035851440429687500e+02,2.952407836914062500e+02
2.208333333333333570e+01,3.004324340820312500e+02,2.958267822265625000e+02
2.212500000000000000e+01,2.994133605957031250e+02,2.961156921386718750e+02
2.216666666666666785e+01,3.049944458007812500e+02,2.954093627929687500e+02
2.220833333333333570e+01,2.563056030273437500e+02,3.021344604492187500e+02
2.225000000000000000e+01,3.072630615234375000e+02,2.967526855468750000e+02
2.229166666666666785e+01,3.288041076660156250e+02,2.922793884277343750e+02
2.233333333333333570e+01,3.425029296875000000e+02,2.894816589355468750e+02
2.237500000000000000e+01,3.432233581542968750e+02,2.876125488281250000e+02
2.241666666666666785e+01,3.299697570800781250e+02,2.917584228515625000e+02
2.245833333333333570e+01,3.505459594726562500e+02,2.913618469238281250e+02
2.250000000000000000e+01,3.509652709960937500e+02,2.896696166992187500e+02
2.254166666666666785e+01,3.290604248046875000e+02,2.916238098144531250e+02
2.258333333333333570e+01,3.505397338867187500e+02,2.912375793457031250e+02
2.262500000000000000e+01,3.266349792480468750e+02,2.916937255859375000e+02
2.266666666666666785e+01,3.250269470214843750e+02,2.922399597167968750e+02
2.270833333333333570e+01,3.268966064453125000e+02,2.917563171386718750e+02
2.275000000000000000e+01,3.062553100585937500e+02,2.943210144042968750e+02
2.279166666666666785e+01,3.039455566406250000e+02,2.942823181152343750e+02
2.283333333333333570e+01,2.829990234375000000e+02,2.894155273437500000e+02
2.287500000000000000e+01,3.044142761230468750e+02,2.924868774414062500e+02
2.291666666666666785e+01,2.743883361816406250e+02,3.183703002929687500e+02
2.295833333333333570e+01,2.754190368652343750e+02,3.204582824707031250e+02
2.300000000000000000e+01,3.142537841796875000e+02,2.965579223632812500e+02
2.304166666666666785e+01,3.112089233398437500e+02,2.964937133789062500e+02
2.308333333333333570e+01,3.192808532714843750e+02,2.959426574707031250e+02
2.312500000000000000e+01,3.267872314453125000e+02,2.956162414550781250e+02
2.316666666666666785e+01,3.354949645996093750e+02,2.906573181152343750e+02
2.320833333333333570e+01,3.451660766601562500e+02,2.889610900878906250e+02
2.325000000000000000e+01,3.458084106445312500e+02,2.905990600585937500e+02
2.329166666666666785e+01,2.637005310058593750e+02,2.771254882812500000e+02
2.333333333333333570e+01,3.460054321289062500e+02,2.887825622558593750e+02
2.337500000000000000e+01,3.239745788574218750e+02,2.961056518554687500e+02
2.341666666666666785e+01,3.167202148437500000e+02,2.961964416503906250e+02
2.345833333333333570e+01,3.349513244628906250e+02,2.878850097656250000e+02
2.350000000000000000e+01,2.763825683593750000e+02,3.243330688476562500e+02
2.354166666666666785e+01,3.108765563964843750e+02,2.958801574707031250e+02
2.358333333333333570e+01,2.681619567871093750e+02,3.191449584960937500e+02
2.362500000000000000e+01,3.083536987304687500e+02,2.974920654296875000e+02
2.366666666666666785e+01,2.713930053710937500e+02,3.244735717773437500e+02
2.370833333333333570e+01,3.145336914062500000e+02,3.009290466308593750e+02
2.375000000000000000e+01,2.756799926757812500e+02,3.268595275878906250e+02
2.379166666666666785e+01,3.154993896484375000e+02,3.022450561523437500e+02
2.383333333333333570e+01,3.162591857910156250e+02,3.018952941894531250e+02
2.387500000000000000e+01,3.355227355957031250e+02,2.895139160156250000e+02
2.391666666666666785e+01,3.452747192382812500e+02,2.893385009765625000e+02
2.395833333333333570e+01,3.361535339355468750e+02,2.893040161132812500e+02
2.400000000000000000e+01,3.473136291503906250e+02,2.895918884277343750e+02
2.404166666666666785e+01,3.467901306152343750e+02,2.910393676757812500e+02
2.408333333333333570e+01,3.473115234375000000e+02,2.895683593750000000e+02
2.412500000000000000e+01,3.534619140625000000e+02,2.923288879394531250e+02
2.416666666666666785e+01,3.282631835937500000e+02,2.903272399902343750e+02
2.420833333333333570e+01,3.260363464355468750e+02,2.909724121093750000e+02
2.425000000000000000e+01,3.264113159179687500e+02,2.914909973144531250e+02
2.429166666666666785e+01,3.252345275878906250e+02,2.913038330078125000e+02
2.433333333333333570e+01,2.734314575195312500e+02,3.211839294433593750e+02
2.437500000000000000e+01,2.730413208007812500e+02,3.186170959472656250e+02
2.441666666666666785e+01,2.731955261230468750e+02,3.176367492675781250e+02
2.445833333333333570e+01,3.145710754394531250e+02,3.019267272949218750e+02
2.450000000000000000e+01,3.164705810546875000e+02,3.030823059082031250e+02
2.454166666666666785e+01,3.156092529296875000e+02,3.053389587402343750e+02
2.458333333333333570e+01,3.252886352539062500e+02,2.895553283691406250e+02
2.462500000000000000e+01,3.306859741210937500e+02,2.885872497558593750e+02
2.466666666666666785e+01,3.468004455566406250e+02,2.906365661621093750e+02
2.470833333333333570e+01,3.339666137695312500e+02,2.888788452148437500e+02
2.475000000000000000e+01,3.514857788085937500e+02,2.905257568359375000e+02
2.479166666666666785e+01,3.569036865234375000e+02,2.919479370117187500e+02
2.483333333333333570e+01,3.500305175781250000e+02,2.908662719726562500e+02
2.487500000000000000e+01,3.514468994140625000e+02,2.905643005371093750e+02
2.491666666666666785e+01,3.515726623535156250e+02,2.912875366210937500e+02
2.495833333333333570e+01,3.269888610839843750e+02,2.871144409179687500e+02
2.500000000000000000e+01,3.271027526855468750e+02,2.863928833007812500e+02
2.504166666666666785e+01,3.150158996582031250e+02,3.045665283203125000e+02
2.508333333333333570e+01,2.734651184082031250e+02,3.191056213378906250e+02
2.512500000000000000e+01,3.130650024414062500e+02,3.040843200683593750e+02
2.516666666666666785e+01,2.722584838867187500e+02,3.187950744628906250e+02
2.520833333333333570e+01,3.130892333984375000e+02,3.055587768554687500e+02
2.525000000000000000e+01,2.744803771972656250e+02,3.221908264160156250e+02
2.529166666666666785e+01,3.149961853027343750e+02,3.079133911132812500e+02
2.533333333333333570e+01,3.288119506835937500e+02,2.880020446777343750e+02
2.537500000000000000e+01,3.200816040039062500e+02,3.082694091796875000e+02
2.541666666666666785e+01,3.295269470214843750e+02,2.866951904296875000e+02
2.545833333333333570e+01,3.526154479980468750e+02,2.929874877929687500e+02
2.550000000000000000e+01,3.490685729980468750e+02,2.930136108398437500e+02
2.554166666666666785e+01,3.553819885253906250e+02,2.932883911132812500e+02
2.558333333333333570e+01,3.291845092773437500e+02,2.872605590820312500e+02
2.562500000000000000e+01,3.280589599609375000e+02,2.868975830078125000e+02
2.566666666666666785e+01,3.277568664550781250e+02,2.864998779296875000e+02
2.570833333333333570e+01,3.135886840820312500e+02,3.086434631347656250e+02
2.575000000000000000e+01,3.264910278320312500e+02,2.865622558593750000e+02
2.579166666666666785e+01,3.139497680664062500e+02,3.103401184082031250e+02
2.583333333333333570e+01,2.607084960937500000e+02,3.056970520019531250e+02
2.587500000000000000e+01,2.811912231445312500e+02,2.924008483886718750e+02
2.591666666666666785e+01,2.809878540039062500e+02,2.926705932617187500e+02
2.595833333333333570e+01,2.819918212890625000e+02,2.927230224609375000e+02
2.600000000000000000e+01,2.700943908691406250e+02,3.013228149414062500e+02
2.604166666666666785e+01,3.139100952148437500e+02,3.109993591308593750e+02
2.608333333333333570e+01,3.146335754394531250e+02,3.125813293457031250e+02
2.612500000000000000e+01,3.149726867675781250e+02,3.141546020507812500e+02
2.616666666666666785e+01,3.285604858398437500e+02,2.856105651855468750e+02
2.620833333333333570e+01,3.309143981933593750e+02,2.858945922851562500e+02
2.625000000000000000e+01,3.317117614746093750e+02,2.863059692382812500e+02
2.629166666666666785e+01,3.497755126953125000e+02,2.926164550781250000e+02
2.633333333333333570e+01,3.471990966796875000e+02,2.922080383300781250e+02
2.637500000000000000e+01,3.489880371093750000e+02,2.898313293457031250e+02
2.641666666666666785e+01,3.298523864746093750e+02,2.856022338867187500e+02
2.645833333333333570e+01,3.276284179687500000e+02,2.848259582519531250e+02
2.650000000000000000e+01,3.257973022460937500e+02,2.866255798339843750e+02
2.654166666666666785e+01,3.246473999023437500e+02,2.872991027832031250e+02
2.658333333333333570e+01,3.237798156738281250e+02,2.872393188476562500e+02
2.662500000000000000e+01,3.231265258789062500e+02,2.867516174316406250e+02
2.666666666666666785e+01,3.226385192871093750e+02,2.867024230957031250e+02
2.670833333333333570e+01,2.632898864746093750e+02,2.803731384277343750e+02
2.675000000000000000e+01,3.233060302734375000e+02,2.867532653808593750e+02
2.679166666666666785e+01,2.723868408203125000e+02,3.005008850097656250e+02
2.683333333333333570e+01,3.134338378906250000e+02,3.139906616210937500e+02
2.687500000000000000e+01,3.144284057617187500e+02,3.144558105468750000e+02
2.691666666666666785e+01,3.321941528320312500e+02,2.893217163085937500e+02
2.695833333333333570e+01,3.493300476074218750e+02,2.895677185058593750e+02
2.700000000000000000e+01,3.519611816406250000e+02,2.934009094238281250e+02
2.704166666666666785e+01,3.495415344238281250e+02,2.896849975585937500e+02
2.708333333333333570e+01,3.486341552734375000e+02,2.896691894531250000e+02
2.712500000000000000e+01,3.334516906738281250e+02,2.884009704589843750e+02
2.716666666666666785e+01,3.526971740722656250e+02,2.935243530273437500e+02
2.720833333333333570e+01,3.332649536132812500e+02,2.880402221679687500e+02
2.725000000000000000e+01,3.133030090332031250e+02,3.145680847167968750e+02
2.729166666666666785e+01,3.112930908203125000e+02,3.147028503417968750e+02
2.733333333333333570e+01,3.141599731445312500e+02,3.151326904296875000e+02
2.737500000000000000e+01,2.826285095214843750e+02,2.943631286621093750e+02
2.741666666666666785e+01,2.719594421386718750e+02,2.994542541503906250e+02
2.745833333333333570e+01,2.716476440429687500e+02,2.998369445800781250e+02
2.750000000000000000e+01,6.536289062500000000e+02,1.122482543945312500e+03
2.754166666666666785e+01,3.152696838378906250e+02,3.154891357421875000e+02
2.758333333333333570e+01,3.332173156738281250e+02,2.899274902343750000e+02
2.762500000000000000e+01,3.179887084960937500e+02,3.155790710449218750e+02
2.766666666666666785e+01,3.386727905273437500e+02,3.167865600585937500e+02
2.770833333333333570e+01,3.394525146484375000e+02,3.164574584960937500e+02
2.775000000000000000e+01,3.394137573242187500e+02,3.177623901367187500e+02
2.779166666666666785e+01,3.502053527832031250e+02,2.930489196777343750e+02
2.783333333333333570e+01,3.519901123046875000e+02,2.947456970214843750e+02
2.787500000000000000e+01,3.395435791015625000e+02,3.198357238769531250e+02
2.791666666666666785e+01,3.490551452636718750e+02,2.906590270996093750e+02
2.795833333333333570e+01,3.392221984863281250e+02,3.222488708496093750e+02
2.800000000000000000e+01,3.329234924316406250e+02,2.926474914550781250e+02
2.804166666666666785e+01,3.327983398437500000e+02,2.922644348144531250e+02
2.808333333333333570e+01,6.526409912109375000e+02,1.123778930664062500e+03
2.812500000000000000e+01,6.523675537109375000e+02,1.124027343750000000e+03
2.816666666666666785e+01,2.707379760742187500e+02,3.018815307617187500e+02
2.820833333333333570e+01,4.070326538085937500e+02,1.119989990234375000e+03
2.825000000000000000e+01,2.755813598632812500e+02,3.037360229492187500e+02
2.829166666666666785e+01,2.799921569824218750e+02,3.032127685546875000e+02
2.833333333333333570e+01,2.745677795410156250e+02,3.020305786132812500e+02
2.837500000000000000e+01,3.327903442382812500e+02,2.925885620117187500e+02
2.841666666666666785e+01,3.348308715820312500e+02,2.936012268066406250e+02
2.845833333333333570e+01,3.390587768554687500e+02,3.246960449218750000e+02
2.850000000000000000e+01,3.395347595214843750e+02,3.260805664062500000e+02
2.854166666666666785e+01,3.400926818847656250e+02,3.274533691406250000e+02
2.858333333333333570e+01,3.513547973632812500e+02,2.939122619628906250e+02
2.862500000000000000e+01,3.528066101074218750e+02,2.929981079101562500e+02
2.866666666666666785e+01,3.512014465332031250e+02,2.893081359863281250e+02
2.870833333333333570e+01,3.343934936523437500e+02,2.941867370605468750e+02
2.875000000000000000e+01,3.323383789062500000e+02,3.284523315429687500e+02
2.879166666666666785e+01,3.214880981445312500e+02,3.285723876953125000e+02
2.883333333333333570e+01,3.281785583496093750e+02,2.939602050781250000e+02
2.887500000000000000e+01,3.217325439453125000e+02,3.287301635742187500e+02
2.891666666666666785e+01,2.789323425292968750e+02,3.043545532226562500e+02
2.895833333333333570e+01,2.731449279785156250e+02,3.031324157714843750e+02
2.900000000000000000e+01,2.793790588378906250e+02,3.048742065429687500e+02
2.904166666666666785e+01,2.742398071289062500e+02,3.039224853515625000e+02
2.908333333333333570e+01,3.226423034667968750e+02,3.294641723632812500e+02
2.912500000000000000e+01,3.223377990722656250e+02,3.290455017089843750e+02
2.916666666666666785e+01,3.337513427734375000e+02,3.289612731933593750e+02
2.920833333333333570e+01,3.331974487304687500e+02,3.307128601074218750e+02
2.925000000000000000e+01,3.325859375000000000e+02,2.931753845214843750e+02
2.929166666666666785e+01,3.473209228515625000e+02,2.893291625976562500e+02
2.933333333333333570e+01,3.529317626953125000e+02,2.927589416503906250e+02
2.937500000000000000e+01,3.503350524902343750e+02,2.925944213867187500e+02
2.941666666666666785e+01,3.488096008300781250e+02,2.923752746582031250e+02
2.945833333333333570e+01,3.447037658691406250e+02,2.873722534179687500e+02
2.950000000000000000e+01,3.326225585937500000e+02,2.876042480468750000e+02
2.954166666666666785e+01,3.232919311523437500e+02,3.239166564941406250e+02
2.958333333333333570e+01,3.218690490722656250e+02,3.225812377929687500e+02
2.962500000000000000e+01,3.213042602539062500e+02,3.231822814941406250e+02
2.966666666666666785e+01,2.794695434570312500e+02,3.053964538574218750e+02
2.970833333333333570e+01,2.785069274902343750e+02,3.048741149902343750e+02
2.975000000000000000e+01,2.784563598632812500e+02,3.061276855468750000e+02
2.979166666666666785e+01,2.795918579101562500e+02,3.054193725585937500e+02
2.983333333333333570e+01,6.540457153320312500e+02,1.125836425781250000e+03
2.987500000000000000e+01,3.223137817382812500e+02,3.240444946289062500e+02
2.991666666666666785e+01,3.333205566406250000e+02,3.256475524902343750e+02
2.995833333333333570e+01,3.416410522460937500e+02,3.254328002929687500e+02
3.000000000000000000e+01,3.469324645996093750e+02,3.251388854980468750e+02
3.004166666666666785e+01,3.464330444335937500e+02,2.961466979980468750e+02
3.008333333333333570e+01,3.354491271972656250e+02,2.912951049804687500e+02
3.012500000000000000e+01,3.496508178710937500e+02,3.264688110351562500e+02
3.016666666666666785e+01,3.301389160156250000e+02,2.937578125000000000e+02
3.020833333333333570e+01,3.346288757324218750e+02,2.916398925781250000e+02
3.025000000000000000e+01,3.325288085937500000e+02,2.982001342773437500e+02
3.029166666666666785e+01,3.317871093750000000e+02,2.982962951660156250e+02
3.033333333333333570e+01,3.309915466308593750e+02,2.987023925781250000e+02
3.037500000000000000e+01,3.309453735351562500e+02,2.980347290039062500e+02
3.041666666666666785e+01,2.763027343750000000e+02,3.062184143066406250e+02
3.045833333333333570e+01,2.720491638183593750e+02,2.986614074707031250e+02
3.050000000000000000e+01,2.833401794433593750e+02,2.992856140136718750e+02
3.054166666666666785e+01,2.775621643066406250e+02,3.044665832519531250e+02
3.058333333333333570e+01,2.802669982910156250e+02,3.039989013671875000e+02
3.062500000000000000e+01,2.840886840820312500e+02,2.994345703125000000e+02
3.066666666666666785e+01,3.348072814941406250e+02,2.912950439453125000e+02
3.070833333333333570e+01,3.457292480468750000e+02,2.947035522460937500e+02
3.075000000000000000e+01,3.341192626953125000e+02,2.929768981933593750e+02
3.079166666666666785e+01,3.319415893554687500e+02,2.975050354003906250e+02
3.083333333333333570e+01,3.350625000000000000e+02,2.953792724609375000e+02
3.087500000000000000e+01,3.483348388671875000e+02,3.259306030273437500e+02
3.091666666666666785e+01,3.479770812988281250e+02,2.923290710449218750e+02
3.095833333333333570e+01,3.307982482910156250e+02,2.969150390625000000e+02
3.100000000000000000e+01,3.292611083984375000e+02,2.967056579589843750e+02
3.104166666666666785e+01,3.373623962402343750e+02,2.943843383789062500e+02
3.108333333333333570e+01,3.283713073730468750e+02,2.967221069335937500e+02
3.112500000000000000e+01,3.264189147949218750e+02,2.963838806152343750e+02
3.116666666666666785e+01,2.798103332519531250e+02,3.035287780761718750e+02
3.120833333333333570e+01,2.782114562988281250e+02,3.032885131835937500e+02
3.125000000000000000e+01,2.621345214843750000e+02,3.120819396972656250e+02
3.129166666666666785e+01,2.800537109375000000e+02,3.028759155273437500e+02
3.133333333333333570e+01,2.807859497070312500e+02,3.028954467773437500e+02
3.137500000000000000e+01,6.541008911132812500e+02,1.125912231445312500e+03
3.141666666666666785e+01,2.570187377929687500e+02,3.112627563476562500e+02
3.145833333333333570e+01,3.263673095703125000e+02,2.978952331542968750e+02
3.150000000000000000e+01,3.946586608886718750e+02,1.084225341796875000e+03
3.154166666666666785e+01,3.485158996582031250e+02,3.266259765625000000e+02
3.158333333333333570e+01,3.496090087890625000e+02,3.263712463378906250e+02
3.162500000000000000e+01,3.501897888183593750e+02,3.257590026855468750e+02
3.166666666666666785e+01,3.487243652343750000e+02,3.256699829101562500e+02
3.170833333333333570e+01,3.374679260253906250e+02,2.946037292480468750e+02
3.175000000000000000e+01,3.466390075683593750e+02,2.926178283691406250e+02
3.179166666666666785e+01,3.455626831054687500e+02,2.930678405761718750e+02
3.183333333333333570e+01,3.364888000488281250e+02,2.919515991210937500e+02
3.187500000000000000e+01,3.293637084960937500e+02,2.990487976074218750e+02
3.191666666666666785e+01,3.286422119140625000e+02,2.992029418945312500e+02
3.195833333333333570e+01,3.781005249023437500e+02,1.079270019531250000e+03
3.200000000000000000e+01,2.805682678222656250e+02,3.043391723632812500e+02
3.204166666666667140e+01,2.808019104003906250e+02,3.047921447753906250e+02
3.208333333333333570e+01,2.812654418945312500e+02,3.052604370117187500e+02
3.212500000000000000e+01,3.290030822753906250e+02,2.177058105468750000e+02
3.216666666666667140e+01,3.305227050781250000e+02,2.997011718750000000e+02
3.220833333333333570e+01,3.373701782226562500e+02,2.982300415039062500e+02
3.225000000000000000e+01,3.374807739257812500e+02,2.937057189941406250e+02
3.229166666666667140e+01,3.456719360351562500e+02,2.946115722656250000e+02
3.233333333333333570e+01,3.473875122070312500e+02,3.266261596679687500e+02
3.237500000000000000e+01,3.382388000488281250e+02,3.000036621093750000e+02
3.241666666666667140e+01,3.486258850097656250e+02,3.265763854980468750e+02
3.245833333333333570e+01,3.464990844726562500e+02,2.982405395507812500e+02
3.250000000000000000e+01,3.386851806640625000e+02,2.943417053222656250e+02
3.254166666666667140e+01,3.383502807617187500e+02,2.937281494140625000e+02
3.258333333333333570e+01,3.384892578125000000e+02,3.005335388183593750e+02
3.262500000000000000e+01,3.384167175292968750e+02,3.000238037109375000e+02
3.266666666666667140e+01,2.814346923828125000e+02,3.067927856445312500e+02
3.270833333333333570e+01,2.785009460449218750e+02,3.067054748535156250e+02
3.275000000000000000e+01,2.761733398437500000e+02,3.055186767578125000e+02
3.279166666666667140e+01,2.821979675292968750e+02,3.001803283691406250e+02
3.283333333333333570e+01,2.780176696777343750e+02,3.055238952636718750e+02
3.287500000000000000e+01,2.786551818847656250e+02,3.056923828125000000e+02
3.291666666666667140e+01,3.257245178222656250e+02,9.733621826171875000e+02
3.295833333333333570e+01,3.388709716796875000e+02,3.014077148437500000e+02
3.300000000000000000e+01,3.396489257812500000e+02,2.995574645996093750e+02
3.304166666666667140e+01,3.395551452636718750e+02,3.016186828613281250e+02
3.308333333333333570e+01,3.388975219726562500e+02,2.982828674316406250e+02
3.312500000000000000e+01,3.506582641601562500e+02,3.236699218750000000e+02
3.316666666666667140e+01,3.492342834472656250e+02,3.222302856445312500e+02
3.320833333333333570e+01,3.494208374023437500e+02,3.012620849609375000e+02
3.325000000000000000e+01,3.466485900878906250e+02,2.997870178222656250e+02
3.329166666666667140e+01,3.374227294921875000e+02,2.996983947753906250e+02
3.333333333333333570e+01,3.386771240234375000e+02,2.994108581542968750e+02
3.337500000000000000e+01,3.386914978027343750e+02,2.997668151855468750e+02
3.341666666666667140e+01,3.759999084472656250e+02,3.050889282226562500e+02
3.345833333333333570e+01,2.775022888183593750e+02,3.056910400390625000e+02
3.350000000000000000e+01,2.763923950195312500e+02,3.053045349121093750e+02
3.354166666666667140e+01,2.768362426757812500e+02,3.049556274414062500e+02
3.358333333333333570e+01,2.787417297363281250e+02,3.050475769042968750e+02
3.362500000000000000e+01,2.792712707519531250e+02,3.053194274902343750e+02
3.366666666666667140e+01,2.578087463378906250e+02,3.142232360839843750e+02
3.370833333333333570e+01,3.382925720214843750e+02,2.997675170898437500e+02
3.375000000000000000e+01,3.376313781738281250e+02,2.985148315429687500e+02
3.379166666666667140e+01,3.412474365234375000e+02,2.976546325683593750e+02
3.383333333333333570e+01,3.492827453613281250e+02,2.983952331542968750e+02
3.387500000000000000e+01,3.501301574707031250e+02,2.977927246093750000e+02
3.391666666666667140e+01,3.488652954101562500e+02,3.219271240234375000e+02
3.395833333333333570e+01,3.482833557128906250e+02,2.984515380859375000e+02
3.400000000000000000e+01,3.418553771972656250e+02,2.970263977050781250e+02
3.404166666666667140e+01,3.467885437011718750e+02,3.234989624023437500e+02
3.408333333333333570e+01,3.406587219238281250e+02,2.974581298828125000e+02
3.412500000000000000e+01,3.405989074707031250e+02,2.970487976074218750e+02
3.416666666666667140e+01,2.644388122558593750e+02,2.901339111328125000e+02
3.420833333333333570e+01,3.991645812988281250e+02,2.944293212890625000e+02
3.425000000000000000e+01,6.548676757812500000e+02,1.130465332031250000e+03
3.429166666666667140e+01,2.573580627441406250e+02,3.148636779785156250e+02
3.433333333333333570e+01,2.521558532714843750e+02,2.962811889648437500e+02
3.437500000000000000e+01,2.792434692382812500e+02,3.067135009765625000e+02
3.441666666666667140e+01,2.572182312011718750e+02,3.156417846679687500e+02
3.445833333333333570e+01,3.225736389160156250e+02,8.931786499023437500e+02
3.450000000000000000e+01,3.406871643066406250e+02,2.976261901855468750e+02
3.454166666666667140e+01,3.479451293945312500e+02,2.985921325683593750e+02
3.458333333333333570e+01,3.480388793945312500e+02,3.260894165039062500e+02
3.462500000000000000e+01,3.488314514160156250e+02,3.005172424316406250e+02
3.466666666666667140e+01,3.496452026367187500e+02,3.026794433593750000e+02
3.470833333333333570e+01,3.487462463378906250e+02,3.043105773925781250e+02
3.475000000000000000e+01,3.494182434082031250e+02,3.051839599609375000e+02
3.479166666666667140e+01,3.424708557128906250e+02,3.030357666015625000e+02
3.483333333333333570e+01,4.310221557617187500e+02,1.126165039062500000e+03
3.487500000000000000e+01,3.417514648437500000e+02,3.025163574218750000e+02
3.491666666666667140e+01,3.181458129882812500e+02,6.774461669921875000e+02
3.495833333333333570e+01,2.723651733398437500e+02,3.090814208984375000e+02
3.500000000000000000e+01,2.777665100097656250e+02,3.078875427246093750e+02
3.504166666666667140e+01,2.766080322265625000e+02,3.076225585937500000e+02
3.508333333333333570e+01,3.418153381347656250e+02,3.016690979003906250e+02
3.512500000000000000e+01,2.801542968750000000e+02,3.078356018066406250e+02
3.516666666666667140e+01,2.437022399902343750e+02,3.056983337402343750e+02
3.520833333333333570e+01,6.547584838867187500e+02,1.131475585937500000e+03
3.525000000000000000e+01,3.327629699707031250e+02,1.054873901367187500e+03
3.529166666666667140e+01,3.423240356445312500e+02,3.014168701171875000e+02
3.533333333333333570e+01,3.503652648925781250e+02,3.058229675292968750e+02
3.537500000000000000e+01,3.432494506835937500e+02,3.044779052734375000e+02
3.541666666666667140e+01,3.526258850097656250e+02,3.066895141601562500e+02
3.545833333333333570e+01,3.509033203125000000e+02,3.057420349121093750e+02
3.550000000000000000e+01,3.476900634765625000e+02,3.080067749023437500e+02
3.554166666666667140e+01,3.452622680664062500e+02,3.101360778808593750e+02
3.558333333333333570e+01,3.440655212402343750e+02,3.101845397949218750e+02
3.562500000000000000e+01,3.423165893554687500e+02,3.000079650878906250e+02
3.566666666666667140e+01,2.287456512451171875e+02,3.053462219238281250e+02
3.570833333333333570e+01,2.571844482421875000e+02,3.149584655761718750e+02
3.575000000000000000e+01,3.923889770507812500e+02,3.049812622070312500e+02
3.579166666666667140e+01,2.778781738281250000e+02,3.073088378906250000e+02
3.583333333333333570e+01,2.785682678222656250e+02,3.068315124511718750e+02
3.587500000000000000e+01,2.795455322265625000e+02,3.072194824218750000e+02
3.591666666666667140e+01,2.283632507324218750e+02,3.051277465820312500e+02
3.595833333333333570e+01,2.646753234863281250e+02,3.170501098632812500e+02
3.600000000000000000e+01,3.427442016601562500e+02,3.002943115234375000e+02
3.604166666666667140e+01,3.422190246582031250e+02,3.114668273925781250e+02
3.608333333333333570e+01,3.434591674804687500e+02,3.114608764648437500e+02
3.612500000000000000e+01,3.425622558593750000e+02,3.127106018066406250e+02
3.616666666666667140e+01,3.486697998046875000e+02,3.257527770996093750e+02
3.620833333333333570e+01,3.432230224609375000e+02,3.113166503906250000e+02
3.625000000000000000e+01,3.418439636230468750e+02,3.034579772949218750e+02
3.629166666666667140e+01,3.418557128906250000e+02,3.035274047851562500e+02
3.633333333333333570e+01,3.421755065917968750e+02,3.133001708984375000e+02
3.637500000000000000e+01,3.416208801269531250e+02,3.024500122070312500e+02
3.641666666666667140e+01,3.413363647460937500e+02,3.030401306152343750e+02
3.645833333333333570e+01,2.729078674316406250e+02,3.083518981933593750e+02
3.650000000000000000e+01,2.737231445312500000e+02,3.031941528320312500e+02
3.654166666666667140e+01,2.432608032226562500e+02,3.054027099609375000e+02
3.658333333333333570e+01,3.470935668945312500e+02,3.251399536132812500e+02
3.662500000000000000e+01,3.293073120117187500e+02,2.209966888427734375e+02
3.666666666666667140e+01,2.580096740722656250e+02,3.158682556152343750e+02
3.670833333333333570e+01,2.571929626464843750e+02,3.162467651367187500e+02
3.675000000000000000e+01,2.530295104980468750e+02,2.974725036621093750e+02
3.679166666666667140e+01,3.424244384765625000e+02,3.143645324707031250e+02
3.683333333333333570e+01,3.481275634765625000e+02,3.147634277343750000e+02
3.687500000000000000e+01,3.484681701660156250e+02,3.127686462402343750e+02
3.691666666666667140e+01,3.479161376953125000e+02,3.259783630371093750e+02
3.695833333333333570e+01,3.493168945312500000e+02,3.136079406738281250e+02
3.700000000000000000e+01,3.476955261230468750e+02,3.155471191406250000e+02
3.704166666666667140e+01,3.484420776367187500e+02,3.238018188476562500e+02
3.708333333333333570e+01,3.430065307617187500e+02,3.085941772460937500e+02
3.712500000000000000e+01,3.471378479003906250e+02,3.138164062500000000e+02
3.716666666666667140e+01,6.545856933593750000e+02,1.131820678710937500e+03
3.720833333333333570e+01,3.886756286621093750e+02,2.919054870605468750e+02
3.725000000000000000e+01,4.072877197265625000e+02,1.127025024414062500e+03
3.729166666666667140e+01,2.783717041015625000e+02,3.085318298339843750e+02
3.733333333333333570e+01,2.778706054687500000e+02,3.081994018554687500e+02
3.737500000000000000e+01,6.550885009765625000e+02,1.131734985351562500e+03
3.741666666666667140e+01,2.801164245605468750e+02,3.085600585937500000e+02
3.745833333333333570e+01,2.754817810058593750e+02,3.094577941894531250e+02
3.750000000000000000e+01,6.549709472656250000e+02,1.131639648437500000e+03
3.754166666666667140e+01,3.424059448242187500e+02,3.104536132812500000e+02
3.758333333333333570e+01,3.408832092285156250e+02,3.113992004394531250e+02
3.762500000000000000e+01,3.432501831054687500e+02,3.130710754394531250e+02
3.766666666666667140e+01,3.495976562500000000e+02,3.214989318847656250e+02
3.770833333333333570e+01,3.405134887695312500e+02,3.126578063964843750e+02
3.775000000000000000e+01,3.775865478515625000e+02,2.933190917968750000e+02
3.779166666666667140e+01,3.411516418457031250e+02,3.140490417480468750e+02
3.783333333333333570e+01,3.479270019531250000e+02,3.180792541503906250e+02
3.787500000000000000e+01,3.467473754882812500e+02,3.179985046386718750e+02
3.791666666666667140e+01,3.409379272460937500e+02,3.141922302246093750e+02
3.795833333333333570e+01,3.401691894531250000e+02,3.151372375488281250e+02
3.800000000000000000e+01,2.284962158203125000e+02,3.064502258300781250e+02
3.804166666666667140e+01,2.740397338867187500e+02,3.096271057128906250e+02
3.808333333333333570e+01,2.718467712402343750e+02,3.098683776855468750e+02
3.812500000000000000e+01,2.800463562011718750e+02,3.079385070800781250e+02
3.816666666666667140e+01,2.807864074707031250e+02,3.081187438964843750e+02
3.820833333333333570e+01,4.310571899414062500e+02,1.125622924804687500e+03
3.825000000000000000e+01,4.310566711425781250e+02,1.125268920898437500e+03
3.829166666666667140e+01,3.300498046875000000e+02,6.352130126953125000e+02
3.833333333333333570e+01,3.650470886230468750e+02,6.313769531250000000e+02
3.837500000000000000e+01,3.722600097656250000e+02,6.196672973632812500e+02
3.841666666666667140e+01,3.860417175292968750e+02,6.194384765625000000e+02
3.845833333333333570e+01,4.221800231933593750e+02,6.193995971679687500e+02
3.850000000000000000e+01,3.470430908203125000e+02,3.174997253417968750e+02
3.854166666666667140e+01,3.385036621093750000e+02,3.137094421386718750e+02
3.858333333333333570e+01,3.444134826660156250e+02,3.194917907714843750e+02
3.862500000000000000e+01,2.582593383789062500e+02,3.164866638183593750e+02
3.866666666666667140e+01,4.249315185546875000e+02,6.191915283203125000e+02
